content_id,influencer_id,content_type,topic,post_date,caption,url
1,1,Video,Travel,2025-09-18,Moment prove million her will president various decade evening interest outside toward subject for yet conference later say through interest.,https://www.thomas.net/
2,1,Video,Beauty,2025-03-19,Power hot performance after hand month coach must inside act phone toward close.,https://brown.com/
3,1,Story,Food,2025-06-30,Painting exist your kitchen benefit partner student piece.,https://kelly.com/
4,1,Image,Travel,2025-02-28,Medical enjoy may crime agree pull medical.,https://west.biz/
5,1,Video,Beauty,2025-04-20,Score visit gun president note.,http://burke-mullen.com/
6,1,Story,Gaming,2025-07-13,Pass theory network one sing.,http://www.johnson.info/
7,1,Story,Beauty,2025-01-19,Effect kid effort from institution total radio yes.,http://shepard.info/
8,1,Image,Travel,2025-01-19,Rise sea finally bit ten source ten big lawyer without ten street evidence small the.,http://www.pennington-myers.com/
9,1,Image,Fitness,2025-09-10,Or full left energy government.,https://leonard.com/
10,1,Reel,Beauty,2025-10-27,Around trial enough million early allow.,https://walker.com/
11,1,Reel,Food,2025-07-03,Discover forward board protect meet challenge seek impact leg its those leg our action test sometimes report civil dinner into key upon position.,http://www.hernandez-arnold.com/
12,1,Video,Travel,2025-08-01,Identify field street stuff enter must eat our safe total.,http://lee-sandoval.com/
13,1,Video,Travel,2025-07-29,Would remember visit north five another.,https://santos.com/
14,1,Image,Food,2025-03-31,Way short behind bill or stock approach month particularly school eye man.,http://ellis.net/
15,1,Reel,Gaming,2025-02-10,Natural find rock company size.,https://underwood.com/
16,1,Image,Gaming,2025-10-23,Will improve base school institution unit easy design beautiful whether style sit call before nor author you whether.,https://www.williams.com/
17,1,Image,Food,2025-06-17,Doctor election others.,https://www.evans-flores.com/
18,1,Image,Food,2025-10-26,Discuss national stock language place smile them carry however eye data.,http://johnson.com/
19,2,Video,Tech,2025-09-27,Computer and administration color near will during reduce fly season commercial team available local quickly human practice fill fill.,http://www.miller.com/
20,2,Video,Tech,2025-09-18,Because beyond something keep perhaps debate cost.,http://www.palmer.biz/
21,2,Reel,Tech,2025-02-09,Property it follow take produce happen value fast still police hard career great treat common up doctor much word kitchen.,http://wyatt.com/
22,2,Image,Food,2025-07-20,Young new black attention character all impact watch mind hair good leader appear edge long fear who series network police.,http://www.maxwell-lewis.com/
23,2,Story,Gaming,2025-06-18,Happen financial reveal discuss baby measure best player we future.,http://www.hernandez.biz/
24,2,Story,Tech,2025-04-19,Manager open capital leader and born cut smile answer natural nothing threat however suffer.,http://ward.org/
25,2,Image,Travel,2025-05-22,Important space quality cup color prevent join serious type statement report imagine appear test describe indicate good whether.,http://www.novak.com/
26,2,Image,Fitness,2025-05-20,Forward form their environmental state if.,http://www.huang-ruiz.info/
27,2,Video,Fitness,2025-09-26,Weight customer produce again seek why head likely.,https://www.bailey-carr.com/
28,2,Video,Beauty,2025-09-03,Pull place total because which movement science leg himself itself federal team last air six per first talk whether but.,http://anderson-oconnor.com/
29,2,Story,Travel,2025-03-12,Night base garden lose ball school itself executive western though thus.,https://lopez.com/
30,2,Image,Gaming,2025-04-27,Later teach I see full produce expert third add.,https://wilkerson.com/
31,2,Image,Travel,2025-11-25,Claim another run stay interesting identify require rock gas rate start type official much today be when return old.,https://singh-carson.com/
32,3,Image,Beauty,2025-09-05,Audience response PM bed peace those perform family since prevent management wonder there large green toward successful particularly smile young car use same.,https://www.white.org/
33,3,Image,Gaming,2025-04-06,Power according approach water increase.,https://www.jones-kirby.com/
34,3,Video,Fitness,2025-02-08,Produce budget rule detail speech present.,https://www.moody-olson.com/
35,3,Image,Beauty,2025-03-24,Road attention onto successful into black firm picture through quality difficult defense certain make chair Republican.,http://hall.com/
36,3,Image,Tech,2025-11-25,Quality marriage big produce machine report.,https://www.gilbert.info/
37,3,Reel,Travel,2025-02-01,Represent whose like itself impact avoid without ever discover body market church former senior mouth environment three herself.,https://hansen.net/
38,3,Video,Tech,2025-03-10,Report he great herself.,http://copeland-ball.com/
39,3,Video,Gaming,2025-07-23,Hear admit lot design me imagine fear model.,http://www.mccormick.com/
40,3,Image,Food,2025-07-15,Father those head add amount game method.,http://www.brown-joseph.com/
41,3,Image,Tech,2025-08-12,Shoulder keep billion carry.,http://www.brown-nguyen.com/
42,3,Image,Fitness,2025-02-18,Smile raise music evidence.,http://www.thompson.com/
43,3,Image,Fitness,2025-10-26,Important test top play respond itself.,http://www.schultz-mcclure.com/
44,3,Story,Gaming,2025-04-10,Pass collection leg amount statement blood city.,https://www.duarte-davis.com/
45,3,Image,Gaming,2025-05-21,Audience easy society success community must art economic lay look issue finally world recently pay certain radio particular movie.,https://www.davis.com/
46,3,Image,Beauty,2025-09-30,Road little recently morning open be.,http://scott.com/
47,3,Image,Travel,2025-01-28,Story president sign even.,https://www.parrish-morris.net/
48,3,Video,Gaming,2025-10-15,War kitchen girl trade piece compare example little billion power determine.,http://www.bush.org/
49,3,Reel,Beauty,2025-07-27,Pattern part hard friend usually process fear.,http://www.walton.com/
50,3,Image,Gaming,2025-09-30,Technology here where official travel.,http://www.mack-drake.org/
51,3,Reel,Gaming,2025-02-22,Expect people factor town possible themselves wear mention and blood authority become despite campaign everyone mouth year finish computer value work board.,https://www.macdonald.com/
52,3,Image,Fitness,2025-06-14,Result shake pull art through church gas animal clearly.,http://edwards.com/
53,3,Video,Food,2025-08-22,Tax thus decision just wonder might door kitchen yeah beat while particularly technology bit appear full boy.,http://www.king-moore.biz/
54,3,Reel,Tech,2025-04-15,Source author painting brother law school power hundred often write probably example eye out.,https://tucker-carpenter.com/
55,3,Story,Fitness,2025-08-06,Yet term born would tonight century full economic view yeah garden.,http://vaughn.info/
56,3,Video,Fitness,2025-07-18,Heart stand fire try piece upon what.,http://turner-whitaker.org/
57,3,Image,Food,2025-11-19,Daughter effect stop population develop above hard official grow sell character sea finish.,http://www.kennedy.info/
58,4,Reel,Food,2025-10-12,Table industry store Congress possible.,https://johnson.com/
59,4,Story,Gaming,2025-11-22,Direction soon pass leg position statement even guess bit strong other community only office why hundred friend choice health chance real west spring soon and eat.,http://andrews.com/
60,4,Reel,Beauty,2025-03-17,Role find good claim.,https://tate.com/
61,4,Reel,Gaming,2025-05-27,Loss moment entire mission others condition single well hundred old usually discover wide western he spend.,http://www.stevens.org/
62,4,Video,Beauty,2025-08-17,Edge forward trade turn specific performance defense.,http://nelson.com/
63,4,Story,Gaming,2025-01-28,Hour without must join president team.,https://www.dominguez-greene.com/
64,4,Video,Fitness,2025-09-24,Option force agreement word drive feeling there father their during front skin Congress amount until even set reason call for.,http://jones.net/
65,4,Image,Fitness,2025-01-10,Focus likely music wall myself hour material leg interesting significant attention research.,https://figueroa.biz/
66,4,Video,Beauty,2025-03-01,Glass concern cause me.,https://www.jones.com/
67,4,Image,Beauty,2025-10-15,Charge west stay board until only we establish message become nature laugh kid.,http://cannon.com/
68,4,Video,Gaming,2025-05-15,Happen ten well he as company support will budget product build rock home down discover exist vote.,https://www.king.com/
69,4,Reel,Fitness,2025-03-04,Have forget hair material cut employee color nice information ago music parent.,http://hanson.org/
70,4,Image,Gaming,2025-08-22,What serve north hot whom agency.,https://taylor.com/
71,4,Image,Tech,2025-04-02,Make understand example receive president leave new police.,http://www.salas-dickson.com/
72,4,Video,Tech,2025-04-21,Sit special thought case professor while buy point base benefit.,https://www.lee.com/
73,4,Image,Food,2025-10-01,Painting allow ground might necessary movement seem follow real drug many despite.,https://anderson.info/
74,4,Reel,Tech,2025-10-21,Voice official however turn certainly thousand month decade enjoy trade best enjoy short.,http://watkins.com/
75,4,Reel,Beauty,2025-03-04,Mention public race paper audience tree bag analysis area ground pull.,https://cunningham-mitchell.org/
76,4,Video,Food,2025-07-16,Enough scientist themselves consumer discover attorney network your program range enjoy point arm.,https://cooper-wright.com/
77,4,Video,Gaming,2025-04-15,Whom class begin week most outside control however across direction quite manage matter itself cut unit wide listen western throw.,https://page-tate.com/
78,5,Reel,Gaming,2025-02-16,Score to war must increase school because value bag kind condition course race Congress blood once always admit ability.,http://www.simpson.net/
79,5,Image,Food,2025-05-18,Dark fish blood of wrong value front enjoy bed example their ahead.,https://garcia.info/
80,5,Video,Food,2025-03-21,Throughout again together represent.,http://www.richards-young.org/
81,5,Reel,Beauty,2025-01-21,Evidence community time age free short reason save believe ever sort while challenge per.,https://www.glenn.com/
82,5,Video,Gaming,2025-01-26,Pm focus race conference pattern without ability doctor meeting glass action myself energy writer thing.,https://www.hahn.com/
83,6,Image,Fitness,2025-04-07,School seem lead purpose bit picture foreign line actually laugh start tonight purpose west more recent party clearly require building population great general.,https://www.holmes.com/
84,6,Story,Gaming,2025-08-30,Industry pull teacher center pattern worker.,https://www.ross.com/
85,6,Reel,Food,2025-07-18,Give marriage such toward company movie car.,http://www.chang.org/
86,6,Image,Tech,2025-01-15,Series part of bag boy base return son job ahead least summer land.,http://www.kirk.org/
87,6,Video,Tech,2025-02-23,Rock structure according will idea still go.,http://www.taylor-gross.com/
88,6,Reel,Fitness,2025-03-04,Price how allow practice account question treat social service church case really.,https://www.branch.com/
89,6,Image,Food,2025-07-29,Should college commercial condition.,https://pratt-gomez.com/
90,6,Video,Fitness,2025-07-01,Consider drive tell nation gas like identify property.,https://mcdonald-meyer.com/
91,7,Story,Fitness,2025-09-16,Well true we whatever final book theory wish hair.,http://www.miller.com/
92,7,Video,Beauty,2025-02-08,Go perform friend look tonight model edge present.,http://chapman.net/
93,7,Image,Food,2025-06-24,Back read dream safe why film technology base support weight as discover.,https://www.white-singh.net/
94,7,Video,Tech,2025-08-12,Always this price capital significant head this certainly choice production skill decision human best.,https://lawson.com/
95,7,Image,Gaming,2025-02-09,Hotel hundred eight least no debate meet why box.,http://www.perez.biz/
96,7,Story,Tech,2025-09-10,Song TV growth of century.,https://morgan.net/
97,7,Image,Food,2025-09-28,Dream imagine consider surface water fly source officer walk measure standard safe door recent role rule matter activity.,https://brown.com/
98,7,Image,Beauty,2025-06-22,Natural key cover hour question win sing address score wrong discuss listen machine garden.,https://www.miller.com/
99,7,Video,Travel,2025-08-06,Husband property direction station best shoulder onto hair probably hundred not policy character hospital house young act.,http://moore.net/
100,7,Video,Gaming,2025-01-23,Three lose beautiful experience treatment light most image crime.,http://watts.com/
101,7,Image,Tech,2025-04-18,Notice usually will dog cell save young spend eat idea case another center career.,http://www.mcclure.org/
102,7,Image,Gaming,2025-10-10,Decision may ever tough outside money think race require range senior road if shake sound word hard thank short.,https://www.avila.com/
103,7,Reel,Tech,2025-01-10,Less laugh relationship able by small who leave discover Mrs finally body bar provide could.,https://www.rich-banks.com/
104,7,Reel,Tech,2025-01-10,Ball decision mention short economic society customer risk sense.,http://www.schwartz.info/
105,7,Image,Travel,2025-10-12,Never even beyond good push serious seven sense state nice spring.,http://www.lopez-welch.com/
106,7,Reel,Tech,2025-08-06,Upon former man own in form their reach teacher sport after strategy town statement hotel exist effort management.,https://melendez-martinez.biz/
107,7,Story,Food,2025-01-12,Box owner often series per end east himself turn above magazine approach eye behind raise.,http://vasquez.org/
108,7,Reel,Tech,2025-06-20,Dinner here apply necessary culture because foot behavior eight sometimes heavy send provide work head.,https://murphy.biz/
109,7,Story,Food,2025-08-09,Positive over scientist support himself marriage mouth standard.,http://brooks.net/
110,7,Image,Fitness,2025-07-22,Community employee develop story number very relate beautiful better scene seek surface guess thought and kitchen enjoy public same.,https://lucas.net/
111,7,Image,Beauty,2025-01-19,Product system peace forward win card audience discussion tax man question.,http://www.alexander.com/
112,8,Reel,Gaming,2025-04-30,About back Republican such compare throughout.,http://bailey.com/
113,8,Video,Tech,2025-03-24,Well than different different reason it commercial mouth answer age we tax election begin foreign Democrat.,https://carey.com/
114,8,Image,Tech,2025-11-04,Style talk resource high page catch human key several color everything.,http://www.delacruz.com/
115,8,Video,Gaming,2025-02-17,General field final whether rich son here concern race role party there already.,https://www.harris-dodson.biz/
116,9,Image,Travel,2025-06-02,Big under any check tax have around tonight off.,http://franco-harris.com/
117,9,Image,Travel,2025-07-01,Bit central finish poor blood player beautiful hundred in while major whether least.,http://lawson.biz/
118,9,Reel,Food,2025-10-02,Particular poor arrive go board throughout.,https://www.wilson-hood.org/
119,9,Image,Travel,2025-06-02,Child entire day mission treat daughter treat use.,https://chavez.com/
120,9,Reel,Food,2025-10-20,Old food take three gas herself really.,https://www.cox.net/
121,9,Video,Fitness,2025-02-21,Whatever foreign bill marriage per from consider argue training animal fly be foot own article partner who.,http://smith-rivera.com/
122,9,Image,Gaming,2025-02-04,Story go could quickly room charge research.,https://www.allen-zavala.com/
123,9,Story,Travel,2025-06-18,Law we science determine nor.,https://tucker.com/
124,9,Image,Food,2025-02-04,Of north recent into bag situation quality who significant might whether response later charge pretty employee industry apply himself stand foot to expert concern teacher fight.,https://richard.info/
125,9,Story,Fitness,2025-06-28,Relationship first draw matter make responsibility or lead expect maybe traditional name.,https://dawson.org/
126,9,Image,Tech,2025-01-26,Paper important very hold scientist political surface role.,https://hill.biz/
127,9,Image,Travel,2025-07-24,Impact wall evening around life guy range effect pick speech water feel social foot like star.,http://www.walker.net/
128,9,Reel,Travel,2025-10-17,Weight hair success or sometimes indicate answer land none authority why couple about only live suggest politics send.,https://www.fernandez.com/
129,9,Video,Travel,2025-04-09,Mr general money responsibility building.,https://meza.info/
130,9,Image,Beauty,2025-06-07,According above movement show level too customer account enter address hope again season pay recently.,https://ortega-foster.info/
131,9,Reel,Fitness,2025-01-14,Whole natural man laugh until imagine five although wind per situation sit.,http://hopkins.com/
132,9,Reel,Travel,2025-03-30,Capital charge government series store include quickly nor stage security just.,https://www.spence-burns.com/
133,9,Image,Fitness,2025-08-27,Fine eye trial method much well once.,https://www.rose-white.net/
134,9,Image,Travel,2025-04-01,Machine training war list buy everyone game.,https://www.dominguez.com/
135,9,Video,Fitness,2025-03-24,Last security speech interest that ago.,http://www.smith.com/
136,9,Video,Food,2025-07-20,Card her article not state note enter tend color plan always style white.,https://www.smith-johnson.com/
137,9,Reel,Gaming,2025-01-15,Focus arm arrive health fund action actually claim bed common glass discuss if country not add team soldier go white animal her notice price six also prevent American.,http://cook.com/
138,9,Image,Tech,2025-04-22,Together deep deal.,http://www.sellers.com/
139,10,Video,Tech,2025-08-30,Baby force close oil seek three.,http://www.holloway.com/
140,10,Video,Travel,2025-06-25,Risk special eat when quality bit listen reality investment unit teach technology occur store.,http://aguilar-taylor.biz/
141,10,Reel,Beauty,2025-07-17,Hundred place day land blue save.,http://cruz.com/
142,10,Video,Travel,2025-04-21,But chair huge water mind itself off expect will.,https://chandler.net/
143,10,Video,Travel,2025-10-13,Management really investment game rest full everything eye big moment firm.,http://james-bentley.com/
144,10,Reel,Gaming,2025-11-21,Force himself fly another wonder hour picture.,http://www.maldonado.info/
145,10,Reel,Gaming,2025-03-24,Ability tough best spring leader expect tree.,https://johnston.com/
146,10,Image,Food,2025-09-20,Central building above clear gun find sit beat figure case south participant particular example task themselves tough foot change.,http://www.boyd-ingram.com/
147,10,Image,Travel,2025-09-19,Represent notice central through support man few consider wonder rise power fly.,https://www.norris.com/
148,10,Reel,Food,2025-02-28,Tonight plant century onto.,https://www.lopez.com/
149,10,Video,Tech,2025-03-09,Produce real marriage year sell car keep single hit compare bar establish affect beyond husband score student fund late.,https://morales.net/
150,10,Image,Travel,2025-04-16,Give middle much billion prepare indicate himself impact chance age his blue.,http://miller.com/
151,10,Image,Food,2025-06-06,Nothing enough common knowledge left everything agreement however kid appear response.,https://www.snyder-gardner.com/
152,10,Video,Beauty,2025-03-04,Chair away information main onto cell year charge us certainly piece.,http://www.robertson-alvarez.org/
153,10,Image,Gaming,2025-07-23,Less partner so dream reach whether but tell tonight minute run.,https://hamilton-wood.org/
154,10,Video,Tech,2025-10-23,Sea recognize energy high recently as sometimes employee blue important experience property or sense indicate bank bill most process.,http://wilson.com/
155,10,Video,Tech,2025-01-13,Up sea with successful plant hospital respond appear page board activity wonder.,http://www.garcia-gallagher.com/
156,10,Reel,Gaming,2025-04-04,Heart usually condition truth trade worker enough officer hundred statement mother summer see tend political data local around example situation name letter.,http://www.stewart-cantu.info/
157,10,Reel,Food,2025-02-01,Feeling soldier away capital wish.,http://pratt.com/
158,10,Video,Gaming,2025-11-06,Staff stock market nice study from box world computer front above personal Republican important anything per opportunity throughout.,http://barnes-sampson.com/
159,10,Image,Gaming,2025-11-26,Officer both everyone him surface simple account establish conference attack increase window effect customer manager office into system former.,http://barrett.com/
160,11,Reel,Travel,2025-03-23,Oil close behavior argue always sport I building.,https://www.clark.com/
161,11,Video,Food,2025-06-14,Perform specific indicate doctor tree book risk or discussion.,https://www.myers-fernandez.biz/
162,11,Image,Tech,2025-07-28,Else attorney likely would sell truth attention arm throughout enjoy ok election suddenly.,http://www.perez-freeman.com/
163,11,Video,Travel,2025-05-29,Myself player doctor term star threat stage scientist nice evidence air usually.,http://www.martin-cox.com/
164,11,Image,Beauty,2025-10-23,Feel mouth decision sure responsibility pay serve not east write scene stock.,https://orr.info/
165,11,Reel,Fitness,2025-10-26,Important tree treat that chair.,https://www.west.com/
166,11,Video,Travel,2025-11-18,Along great throughout enough remember evening business table long really number table industry company care carry this support so camera exist show.,https://www.hubbard.com/
167,11,Story,Tech,2025-10-10,Today sometimes stuff watch poor of.,https://morris.com/
168,11,Reel,Travel,2025-10-15,Concern morning pick present open trouble simple million.,http://anderson.com/
169,11,Image,Travel,2025-07-08,Boy final fine former happy hear expect occur child for region left can as car sign.,http://www.lopez.info/
170,11,Video,Tech,2025-09-30,Arm clearly hit build him you world read bring three standard compare to ever because season much huge yard stop lawyer.,http://rodriguez.com/
171,11,Video,Beauty,2025-09-11,How hot difference gun model buy process.,http://www.lane.com/
172,11,Image,Tech,2025-03-28,Step threat after customer later perform expect.,https://lee.net/
173,11,Image,Beauty,2025-05-26,Make increase cultural little produce woman though against feeling.,https://www.edwards.com/
174,11,Video,Travel,2025-03-26,Team power yourself citizen past Republican listen whole.,http://carr.org/
175,11,Video,Travel,2025-10-16,Water hair truth because a quite listen worry over direction different clear last or face sign other wide visit account character campaign two term nor.,http://benton-warner.com/
176,11,Image,Fitness,2025-04-02,Window financial book measure able laugh reveal tell work.,https://www.diaz.net/
177,11,Video,Beauty,2025-11-14,Society professor character trip society group religious four radio.,https://hall.com/
178,11,Reel,Gaming,2025-11-08,Think strong can north.,http://charles.org/
179,11,Story,Beauty,2025-05-31,Statement message head occur analysis final others hit traditional subject whether president ability.,http://www.schwartz.com/
180,11,Image,Gaming,2025-10-23,Strategy article where wall contain position sign provide perhaps.,http://www.vaughn.net/
181,11,Image,Tech,2025-07-29,Consumer human better point land nothing.,https://www.jenkins.info/
182,11,Image,Beauty,2025-09-02,Lay party stuff.,http://cooper.info/
183,11,Story,Travel,2025-10-01,Air apply nor marriage scene realize final rest knowledge forward less describe usually center day project.,http://www.rice.com/
184,11,Video,Fitness,2025-02-24,Current rest voice since despite represent energy spend.,https://jones.biz/
185,11,Image,Beauty,2025-03-22,Career relate early away know listen end during home run time nature successful board player role quality.,http://jones.com/
186,11,Reel,Fitness,2025-05-19,Require about still policy industry region well response team occur point commercial benefit.,http://www.nixon.com/
187,11,Video,Travel,2025-07-16,Big likely grow word final go share part remain life make citizen rate create simply probably reflect follow rise.,http://glass.com/
188,11,Story,Gaming,2025-06-23,Field arrive both among sister brother gas certainly Mr home word move.,http://jennings-gray.com/
189,11,Video,Food,2025-04-08,Change with others whole party mean specific dinner series discuss read institution firm scientist group radio upon hospital democratic standard each decade available.,https://hughes.com/
190,12,Image,Gaming,2025-03-09,Great second here economic focus start car report set best four order doctor hear market fish program decide somebody.,http://www.mccarthy-green.com/
191,12,Video,Gaming,2025-03-31,Thing part from court common course table them produce once actually see rate watch pay by action feeling debate.,http://kirk.com/
192,12,Image,Fitness,2025-03-01,Return generation appear game continue interview teacher.,https://miller.com/
193,12,Image,Food,2025-06-30,Modern green stock region choice section fill road anyone feeling manager authority night next need southern.,https://www.adams-wilkerson.com/
194,12,Image,Beauty,2025-07-20,Big doctor society his rest although opportunity direction.,http://watts-sanchez.biz/
195,12,Image,Travel,2025-05-14,Early some ground full peace war model anything in receive international thing road stay ok quickly under.,http://rosales.com/
196,12,Image,Food,2025-08-27,Impact the everyone growth seem true.,https://mason.com/
197,12,Reel,Fitness,2025-08-03,Step bank listen Republican such newspaper two hair could while kitchen fall well paper.,http://www.bonilla.com/
198,12,Video,Beauty,2025-09-06,Your son true then cut town effect instead agreement animal.,https://gonzalez-cooper.net/
199,12,Video,Food,2025-06-21,Half great front believe.,https://powell.com/
200,12,Video,Beauty,2025-02-18,Though ever message body director care quite seven yeah raise over service group ability her impact analysis.,https://www.fields-coleman.net/
201,12,Video,Fitness,2025-09-25,Player painting interest yard action provide loss school within both may yeah garden either world.,http://www.holmes.biz/
202,12,Image,Tech,2025-01-30,Effect threat treat he speech reason process allow point door along perhaps smile age responsibility total north what car police affect.,http://nielsen-ayala.com/
203,12,Video,Travel,2025-11-05,Around upon impact sound occur.,http://www.rodriguez-miles.info/
204,12,Image,Fitness,2025-04-16,East south station news management way pretty group life fly thousand can standard leave.,https://dean-atkinson.biz/
205,12,Image,Food,2025-09-25,Young painting could before music blood large else strategy top position card play audience.,http://perry.com/
206,12,Image,Food,2025-06-08,Stage middle style family investment never cell million author television themselves expert wife side itself Democrat look account.,https://little.org/
207,12,Story,Food,2025-11-19,During wait stuff according open television source.,https://johnson.com/
208,12,Video,Beauty,2025-03-07,Lose majority why paper Congress its everyone himself seat vote manage.,https://www.griffin.com/
209,12,Story,Tech,2025-03-22,Computer address important relate hair turn bar.,http://owen-bennett.com/
210,12,Image,Fitness,2025-10-16,Common difficult since paper police during office draw important.,https://kane.com/
211,12,Image,Beauty,2025-05-14,Store every director member commercial compare wear local dark last maybe develop indeed.,http://www.richard.info/
212,12,Story,Tech,2025-10-20,Hold pay lose exactly bring forward late reflect.,http://www.moore.org/
213,12,Video,Fitness,2025-10-24,Between character series.,http://www.murphy.com/
214,12,Video,Tech,2025-03-01,Home long very much experience tough detail surface head issue.,http://www.brennan.com/
215,12,Image,Tech,2025-05-23,Five bag represent need phone spring similar put eye spend baby consider ready.,http://www.werner.com/
216,12,Reel,Beauty,2025-02-28,Table change note plan force offer piece perform fill again.,http://www.jones.com/
217,12,Video,Beauty,2025-06-28,Paper need your admit those market instead.,http://franco-chase.net/
218,12,Image,Beauty,2025-11-20,Bit staff town author meet at type blood.,https://weaver.info/
219,12,Image,Tech,2025-02-01,Five source learn safe upon resource.,http://www.watkins-wells.biz/
220,13,Reel,Gaming,2025-08-24,From lose religious more school yard produce fund cup call budget wrong ago them girl.,https://www.thomas-chapman.com/
221,13,Image,Beauty,2025-09-01,View from assume third son economy cold position mission fall notice actually decade Republican simply.,https://www.harper.com/
222,13,Image,Food,2025-09-29,Management later serve.,https://ferguson.com/
223,14,Reel,Gaming,2025-05-19,Cold fine deep try.,https://jones-jackson.com/
224,14,Image,Food,2025-10-02,According sell build different senior build person whose usually drug generation garden cell area religious southern high worker daughter build structure discuss century key spend summer buy.,https://www.williams.org/
225,14,Video,Tech,2025-06-16,Third or politics as rest Congress executive two majority tell easy simply for impact actually.,https://clark.net/
226,14,Reel,Fitness,2025-10-20,Budget data thought young simple challenge father green figure national popular.,http://www.rice-farrell.com/
227,15,Image,Fitness,2025-08-18,Something she through catch maybe data present reflect person country everything wife television.,https://www.mathis-hughes.biz/
228,15,Video,Beauty,2025-06-14,Staff yard laugh market see.,http://www.mora-ryan.com/
229,15,Image,Food,2025-01-17,Series type old question region place.,https://peterson.com/
230,15,Video,Travel,2025-03-28,Move small everybody budget investment reduce why build factor live impact Congress.,https://green-garza.info/
231,15,Image,Gaming,2025-03-15,Future us thought wait happen.,http://www.harrison-brown.biz/
232,15,Story,Food,2025-05-13,Indeed message treat where suddenly message later fill suggest include analysis wrong mouth food deal wrong thousand.,http://moss.com/
233,15,Reel,Fitness,2025-04-22,Which hot leave natural also similar.,http://www.lynch.com/
234,15,Image,Food,2025-06-03,Morning sport majority right.,https://www.martin.info/
235,15,Image,Travel,2025-01-20,Attack someone use defense office.,http://www.shelton.com/
236,15,Image,Food,2025-05-04,Rest five true democratic national sister former some possible knowledge such style rise moment audience forget attack value by drug class.,https://www.smith.biz/
237,15,Image,Fitness,2025-09-13,Answer student series.,https://nelson-anderson.com/
238,15,Reel,Fitness,2025-09-29,Seek or fall low fear front sit need we play increase report economy range pull buy answer short democratic success.,http://robbins.org/
239,15,Image,Tech,2025-06-01,Spend throw too decision daughter skin start much third charge heavy.,https://www.mcguire.com/
240,15,Story,Fitness,2025-08-01,There line off expect military base contain avoid probably add key ten know will he part word book wish natural explain rate.,https://gutierrez.info/
241,15,Video,Beauty,2025-01-13,Must more reach this board six century story walk such scene fall explain writer describe.,https://roy-mcdowell.com/
242,15,Story,Beauty,2025-02-11,Hear here eat safe arm western fast beautiful early special easy.,http://peterson-moss.com/
243,15,Image,Fitness,2025-11-07,Partner do probably road listen television little address understand son hit painting apply.,http://www.nelson.com/
244,15,Image,Beauty,2025-05-05,Challenge Congress food chair list any write data national actually fund myself unit apply bed until.,http://nguyen.info/
245,15,Image,Gaming,2025-06-21,Benefit food east hotel middle.,https://anderson.com/
246,15,Image,Food,2025-04-06,Protect season run everything lot doctor would your factor law manage wish.,http://www.robinson-taylor.org/
247,15,Video,Food,2025-04-05,Item American life mission skin so.,http://johnson.com/
248,15,Video,Tech,2025-06-11,Blood author clear allow force behind news west sport six something area know teach word a year as.,https://www.wu-leach.net/
249,15,Reel,Gaming,2025-10-07,Against eye notice economic so tell walk must join southern possible.,http://www.fisher.org/
250,15,Video,Travel,2025-03-30,Trade shoulder rule student rate very no party economy worry success walk imagine economy cause.,http://olson-ramirez.com/
251,15,Video,Beauty,2025-11-02,Against magazine economic throw soldier hope adult new after avoid later heart.,https://www.pena.com/
252,15,Image,Tech,2025-10-13,Interesting young move result receive.,https://www.cummings.com/
253,15,Reel,Food,2025-01-19,Degree dark large decide worker radio rather power.,http://scott-goodwin.com/
254,15,Video,Food,2025-04-20,Issue key environment later agree free image.,https://www.perkins-ortiz.com/
255,15,Video,Tech,2025-09-05,And politics record camera thank matter reflect data hold democratic.,http://www.chavez.com/
256,16,Image,Travel,2025-09-14,His hotel room will owner best stock analysis job final begin already several analysis team protect difficult compare federal.,https://guerra.com/
257,16,Image,Travel,2025-03-13,Expert party staff across program themselves beautiful behavior officer.,https://branch.org/
258,16,Video,Gaming,2025-09-25,With worry recently seat success argue phone.,http://www.jordan.com/
259,16,Reel,Travel,2025-09-02,Occur majority and fill.,http://parker.com/
260,16,Image,Fitness,2025-01-16,That maybe own maybe cause level food generation well chance difficult later.,https://www.merritt.biz/
261,16,Image,Tech,2025-11-26,Top value nice seat choice color fast half though adult health.,https://www.miller.org/
262,16,Image,Beauty,2025-08-16,Official position always food hotel weight area return life success prove north gas quite everybody open more.,http://jackson.com/
263,17,Image,Tech,2025-02-02,Well the call measure guy heavy project interesting same professional picture foreign physical social to reduce four thought continue east.,http://anderson.org/
264,17,Reel,Food,2025-10-08,Born situation form morning student campaign near simple quite safe list win spend future.,https://chavez-atkinson.com/
265,17,Image,Travel,2025-09-18,On news pressure agree dark third sometimes human Congress both several.,https://long.com/
266,18,Video,Gaming,2025-04-27,Win ground them matter lose every.,http://mckinney.biz/
267,18,Video,Fitness,2025-09-11,Affect ago clearly care over gas one push.,https://www.johnson.com/
268,18,Reel,Tech,2025-07-03,Movement successful military tonight allow how trip model should buy partner.,https://lopez-stewart.com/
269,18,Image,Food,2025-07-25,Idea anything force tax enjoy.,https://ellis.biz/
270,18,Image,Tech,2025-03-02,Street rest read computer save agency turn in character spend part occur.,http://www.james.com/
271,18,Image,Travel,2025-03-13,Read part agreement boy for trouble amount.,http://www.peterson-estrada.com/
272,18,Video,Gaming,2025-10-24,Within green our child describe quality fact almost range couple seat town information sense however could win guess quite degree none soon simply network change.,http://www.russo.com/
273,18,Video,Travel,2025-05-06,Team police effort great material final answer about top name word collection painting final important color road image instead.,https://www.moran.org/
274,19,Video,Travel,2025-01-29,Pick dog water ahead happy land area great question save wonder science.,https://www.aguirre.com/
275,19,Reel,Gaming,2025-01-18,Discuss character positive edge space politics attention help movement concern similar want.,http://www.thompson.info/
276,19,Reel,Fitness,2025-04-01,Anything daughter case approach later blue risk western sign late personal improve born both indeed tax authority.,http://mitchell-erickson.info/
277,19,Image,Fitness,2025-04-24,Learn free open indeed affect choose tax defense stock least husband resource east when amount.,http://lane.com/
278,19,Reel,Food,2025-07-07,Either imagine which clear black approach hotel experience real improve clearly general election performance establish picture security short stock remain should material magazine.,http://www.richmond-cain.com/
279,19,Story,Food,2025-08-22,Operation American practice will take instead newspaper last offer art office again affect guy none computer wife can.,https://taylor.biz/
280,19,Image,Beauty,2025-08-30,Top return across stage five exactly left by firm author treat television last blood run realize whom range.,http://fuentes.com/
281,19,Image,Travel,2025-01-10,On policy create how under become black card daughter use popular.,http://www.mitchell.com/
282,19,Story,Travel,2025-05-05,Money about way itself within have eight majority wonder want teach mean Congress thousand.,http://www.hernandez.com/
283,19,Image,Beauty,2025-06-15,Drop bill land should experience behavior forget organization character their when will center wind son three method avoid product live turn visit.,http://benson.com/
284,19,Image,Beauty,2025-11-11,Teacher send require organization hope current never within body attention consider own.,http://www.thompson.com/
285,19,Video,Fitness,2025-05-19,Him change unit hope memory yet throughout language heart hair actually heart move game fill big.,http://www.bennett-tucker.com/
286,19,Image,Food,2025-09-01,Focus have grow address nothing capital responsibility keep particular much citizen camera sure.,https://www.lee.biz/
287,20,Video,Beauty,2025-01-07,Trial nice shoulder past hand test pick suddenly close.,https://tran.com/
288,20,Video,Travel,2025-03-27,Ahead worry simple size former short build know human city need as eat.,http://www.dunn.com/
289,20,Image,Gaming,2025-07-22,Officer beat line other recognize benefit impact race baby detail enjoy board technology executive.,https://www.baldwin-rivera.net/
290,20,Reel,Fitness,2025-03-13,Theory him entire explain call magazine music ten two party study of truth past my consumer Republican end business experience own rich.,https://thompson-jones.com/
291,20,Image,Fitness,2025-08-25,Wish serve prevent have truth early nothing visit local away.,http://www.johnson.com/
292,20,Story,Travel,2025-03-04,Avoid source single night very image once data appear begin decide near win hair provide.,http://www.white.com/
293,20,Story,Tech,2025-04-29,Note particular forget because million build agree writer how store business beyond off.,https://rhodes-wheeler.com/
294,20,Image,Beauty,2025-11-07,Study rule find land law vote result remain today government yeah worry article number beat entire.,http://www.diaz.net/
295,20,Video,Fitness,2025-05-10,Himself difficult suffer upon know appear.,https://torres-dalton.org/
296,20,Image,Travel,2025-07-19,Marriage such heart people quite staff let hard will require point individual actually who media could without.,https://www.reyes-walker.com/
297,20,Reel,Food,2025-08-21,High should be yard share write city.,http://george.com/
298,20,Story,Tech,2025-02-15,Establish you particular pick in remain serve director our small still out.,https://young.net/
299,20,Story,Gaming,2025-01-25,Sound note very three plant enough experience point my television raise answer practice painting.,https://www.mcdonald.info/
300,20,Image,Tech,2025-08-30,Hour effort soon financial human what case I make during short almost well let left avoid sign.,http://www.edwards-wilson.com/
301,20,Image,Beauty,2025-05-24,Give customer tree watch station affect rest sometimes stand tree north two leave.,http://www.franco-perez.biz/
302,20,Image,Food,2025-06-19,Condition tonight thought lead long.,https://gomez-lozano.com/
303,20,Image,Tech,2025-05-07,Sort order skin policy serve foot human hospital better hard onto certainly civil.,https://www.gray.com/
304,20,Reel,Gaming,2025-02-07,Chance travel so last need increase charge wait party still health choose throw claim hand.,http://www.clark.com/
305,20,Video,Tech,2025-10-25,Fight expert most wait bit at analysis and above skin debate.,https://www.smith.com/
306,20,Image,Gaming,2025-10-11,Across however week guy reason majority then remain much time reality throughout wish.,http://glass.net/
307,20,Image,Food,2025-06-22,Research third church practice where always professor position will.,http://www.richards.net/
308,20,Video,Tech,2025-07-20,Instead too store similar figure action arm bag small other resource play listen our ahead dinner black contain author answer pay.,http://www.pierce.net/
309,20,Image,Fitness,2025-04-30,Drop room guess again ago home memory decide officer.,https://santana.org/
310,20,Video,Beauty,2025-03-23,Range ok detail likely beat business nation candidate matter.,http://www.dominguez.com/
311,21,Video,Gaming,2025-05-11,Anything half all send process under cold arrive threat program high hear visit partner he.,https://www.doyle.info/
312,21,Video,Gaming,2025-08-21,Tell source bank research seven know already gun meeting apply live already let about positive support hot visit method through pay gun until American certainly.,https://www.ramirez-nichols.info/
313,21,Video,Fitness,2025-09-11,Range set key audience ok follow decide house test south card charge fly decision imagine contain.,http://www.hernandez.com/
314,21,Reel,Travel,2025-05-27,Support service none region which before especially story theory political simple notice his then from.,http://www.jones.info/
315,21,Reel,Tech,2025-05-25,Medical beyond middle important news since others matter life program.,https://www.andrade-nichols.com/
316,21,Image,Beauty,2025-05-24,No idea possible three image attack rate cut network language building late others.,https://www.mcdaniel.biz/
317,21,Reel,Tech,2025-06-07,Meeting Mr his follow country main garden gun young whether Mr season capital choice morning.,https://www.kennedy-jackson.net/
318,21,Video,Gaming,2025-10-24,Staff hear article play person.,https://www.castillo.info/
319,21,Image,Beauty,2025-01-08,End market eight give especially control behavior investment sign history media condition including start.,https://www.hall.com/
320,21,Image,Tech,2025-06-01,Either particular body fast ready protect rather toward nice.,https://www.pennington.com/
321,21,Video,Gaming,2025-09-08,Scientist be she I hand interest shoulder authority.,http://lewis.biz/
322,21,Image,Fitness,2025-11-12,Result total foot water gas fund other attorney occur though only board account off score fly.,http://smith.com/
323,21,Reel,Travel,2025-03-23,Then network could time process last light born evidence.,https://ballard.biz/
324,21,Video,Travel,2025-02-28,Strategy usually our weight the PM red option star most life listen.,https://shepherd.com/
325,21,Reel,Beauty,2025-10-01,Statement whatever drive administration film check customer determine particular nice mouth value head form happy look.,http://martin.com/
326,21,Video,Fitness,2025-07-21,Yard respond hospital affect over technology.,http://www.hoover.com/
327,21,Image,Gaming,2025-08-25,Low determine up respond successful level everything fast in cold friend mind owner.,http://www.ramos.com/
328,21,Reel,Food,2025-08-08,Decade continue finally.,https://johnson-hayes.info/
329,21,Video,Beauty,2025-10-20,Figure involve six nation professor.,http://www.mccarthy-barnett.net/
330,21,Reel,Fitness,2025-09-27,Meet think heavy lawyer.,http://www.reynolds-hensley.com/
331,21,Image,Beauty,2025-02-24,Late guy camera so from.,http://www.walton-payne.com/
332,21,Image,Travel,2025-08-02,Get official edge instead oil house room spend well consumer pick south list wait represent sometimes agency particular difficult small.,http://ruiz-ross.com/
333,22,Reel,Fitness,2025-08-12,White decide until government my my along skill guy training design government maintain change role wear.,https://www.ramirez.com/
334,22,Image,Gaming,2025-10-27,Front away traditional five.,https://martinez.com/
335,22,Image,Fitness,2025-08-18,Question like art live military point dream story necessary student idea treatment reduce.,http://www.bell.com/
336,22,Video,Tech,2025-09-24,Until sense laugh answer claim model author easy camera foreign hand mission wait rich quality power school increase treat find open staff community walk necessary always theory.,http://www.wood-landry.biz/
337,22,Story,Beauty,2025-03-05,Me discussion life place save such clearly month determine society peace education.,https://www.ferguson.org/
338,22,Image,Food,2025-02-11,Thousand total surface opportunity maybe key decade sure.,https://www.martin-green.org/
339,22,Story,Tech,2025-05-23,Republican south kind these open season assume glass father safe image investment wrong whatever edge government themselves yard manager product test man PM everyone one.,https://lopez.org/
340,22,Image,Tech,2025-03-10,Special good through life away office fire.,http://castro.com/
341,22,Image,Tech,2025-07-01,Financial travel budget radio dark reason own option nation direction where difference stay set make local term few.,https://ruiz.com/
342,22,Image,Beauty,2025-10-27,Letter main alone figure discover relationship election age some treatment.,http://sherman.net/
343,22,Image,Travel,2025-04-17,Remain western spend network huge finally grow cause relationship top cup threat sister.,http://edwards.biz/
344,23,Reel,Food,2025-01-19,Write listen begin heart life garden fall almost although.,https://murphy.com/
345,23,Image,Tech,2025-10-31,Area life thought until all southern notice present look state also light gun.,http://obrien.biz/
346,23,Image,Gaming,2025-08-20,Fast none report such class final poor whom good run worker eight model tax tonight executive great.,https://jennings.com/
347,23,Image,Tech,2025-01-09,List theory either star energy less education evening citizen bed reality person deep available.,https://www.hart.com/
348,23,Image,Food,2025-09-21,Leave from that.,https://holland.com/
349,23,Image,Travel,2025-07-24,Support Republican feeling some both hair rock nothing enough walk add skill raise soon how them contain brother top group huge.,https://hodges-rhodes.com/
350,23,Reel,Tech,2025-09-20,Pay role gun to trouble wife old house once condition defense perhaps design employee sign where.,http://www.berry.info/
351,23,Image,Gaming,2025-11-12,Answer staff house field.,https://stanley.com/
352,23,Reel,Travel,2025-01-24,Born behind green sea.,http://www.singleton.com/
353,23,Reel,Tech,2025-10-22,Yeah style free writer middle poor coach stock heart need none professional begin number more represent public relate child bank political first film yes away leave.,https://www.gallegos.info/
354,23,Story,Travel,2025-03-11,After executive again someone number where same loss feel question deep.,http://douglas.com/
355,23,Video,Fitness,2025-08-23,Follow give size free site lose ability civil start.,http://goodwin.com/
356,23,Image,Gaming,2025-03-03,Coach material sort type wonder though gun as probably development enough yes enter sure again general.,http://www.jimenez.net/
357,23,Reel,Fitness,2025-03-13,Enjoy throughout find action tonight stop three whose choice adult sound year rate similar health politics chair vote when western carry next who note task.,http://www.cox-brown.com/
358,23,Image,Fitness,2025-01-21,Enough find somebody pressure thus young several success campaign bar western view.,http://www.richardson-wall.biz/
359,23,Image,Gaming,2025-03-10,Fact sure begin close thought pay apply western affect include remain its benefit light art class moment.,http://www.montgomery-wallace.com/
360,23,Image,Food,2025-05-27,Particularly could subject stand stay ask voice identify.,http://www.melton-king.info/
361,23,Image,Gaming,2025-11-01,Strong money television carry opportunity PM medical person public from run total material education minute anyone tough nation land religious everyone everyone.,https://willis-becker.com/
362,23,Image,Gaming,2025-06-08,Or week program take compare worker mean since increase.,https://www.martinez-larson.net/
363,23,Image,Travel,2025-11-11,Season plan music create seek phone.,http://mueller.net/
364,23,Image,Gaming,2025-10-31,News teacher Mrs figure sign cut we contain respond support course owner four involve former PM present else professor pass.,http://steele.info/
365,24,Story,Travel,2025-03-28,Cup continue election Republican against form want notice.,https://huynh-lucas.com/
366,24,Reel,Beauty,2025-05-20,Rest night consider meet position soldier know cover site nature office article onto find wish against policy entire put become.,https://www.james.com/
367,24,Image,Beauty,2025-05-31,Need what fill movement how for fire foreign break open yard.,https://www.white.com/
368,24,Image,Fitness,2025-01-14,House boy total white give American general class agent.,https://king-esparza.info/
369,24,Image,Gaming,2025-02-25,Town hit find Republican value use cut cold speak avoid memory understand he least event parent employee fill individual none situation.,http://www.gill-jones.net/
370,24,Image,Travel,2025-06-01,Either room why knowledge analysis after little country.,http://fletcher-cain.com/
371,24,Video,Travel,2025-05-05,After home yard market cold however place perform more north teacher local gas human material war environmental politics risk environmental talk manager.,https://www.lee-murray.com/
372,24,Image,Gaming,2025-08-07,Southern result fly stage set mention production sometimes official provide student leader.,https://www.sanchez.com/
373,24,Image,Travel,2025-07-31,Military make matter organization serve tend I address war.,http://www.jensen.org/
374,24,Story,Tech,2025-11-09,Itself local its for between wind city environmental pick film himself red with.,https://price-hunter.net/
375,24,Image,Fitness,2025-10-13,Source politics blue pretty return few almost message under surface opportunity catch experience maybe floor bag lay cultural report force sport picture.,https://www.ruiz.com/
376,24,Image,Beauty,2025-09-14,Music strong star capital rule visit director rich stage able practice.,https://anderson.com/
377,24,Story,Travel,2025-10-18,Including stand beyond yourself worry theory share current keep however writer until song bar answer continue certainly.,http://nelson.org/
378,24,Video,Fitness,2025-07-23,Interesting finally finish others claim than.,https://www.reynolds.com/
379,24,Image,Gaming,2025-06-23,Deep success history sense two look these board argue group society crime increase.,http://ramirez.com/
380,24,Reel,Gaming,2025-06-18,Project nature view care president for decision customer.,http://gaines-rodriguez.com/
381,24,Video,Fitness,2025-11-17,Cover boy almost voice individual one then bar letter keep I thing movie lay throughout during support this what act ground of.,https://www.carlson-hall.net/
382,24,Video,Gaming,2025-04-01,Size be relationship arrive series food feel war better Mrs manager human some now himself necessary want.,https://anderson.com/
383,24,Reel,Gaming,2025-01-10,Together truth either perform local imagine travel laugh message development.,https://johnson.com/
384,24,Image,Travel,2025-03-16,Dark red if green.,https://williams.com/
385,24,Reel,Beauty,2025-09-11,Station two anyone federal remain think material.,http://cummings-fischer.biz/
386,24,Story,Tech,2025-03-05,Official black activity simply full home network yeah cover compare carry.,https://www.jones.info/
387,24,Reel,Gaming,2025-09-09,Under serve nation but dog stand into question.,http://mason-oconnor.com/
388,24,Image,Tech,2025-05-12,None understand become you no.,https://www.becker.com/
389,24,Image,Tech,2025-01-11,Large professional great husband generation among discuss mouth onto support age half interest.,http://phillips.com/
390,24,Video,Tech,2025-08-12,Treat age hot property rather carry ok kid war range school room five cultural fish treatment.,https://underwood-watson.com/
391,24,Video,Fitness,2025-03-03,Office upon attack.,http://parker.org/
392,25,Image,Beauty,2025-08-24,Half time miss recognize need house road.,http://wolfe.org/
393,25,Video,Fitness,2025-01-29,Republican toward three message that may who writer.,http://www.bryant.com/
394,25,Image,Food,2025-11-04,Capital movie leader body.,http://www.anderson.biz/
395,25,Video,Gaming,2025-10-29,Close investment able budget same serious class from American their for collection result past.,http://www.gibson-shaw.info/
396,25,Image,Gaming,2025-08-25,Might require sense see worker.,http://www.petty.com/
397,25,Video,Food,2025-02-22,Age media hand debate none usually conference peace toward dream manage do.,http://www.stevens.com/
398,25,Video,Tech,2025-03-16,Public many easy agreement heavy well position cut someone pretty country imagine.,https://www.smith-travis.net/
399,25,Image,Tech,2025-08-04,Center dog view their nothing Mr student work new national administration ok draw determine her despite.,https://www.berg.info/
400,25,Image,Travel,2025-03-28,With fear quality listen pressure campaign.,http://barry.com/
401,25,Reel,Fitness,2025-06-07,Law writer loss floor offer doctor similar discover girl develop training nature nation entire.,https://www.banks.com/
402,25,Story,Beauty,2025-09-22,Out speech appear culture tough rich her law main tough.,http://zavala-heath.com/
403,25,Story,Fitness,2025-01-28,Town road require and subject race good within meet officer yourself hand card their contain.,http://www.merritt-harris.com/
404,25,Video,Beauty,2025-01-22,Concern lose model little social meet wide get voice fact seven school it you do.,https://www.skinner-mathews.biz/
405,25,Image,Food,2025-03-09,Find expect career only start others describe local clearly wonder security after still remember go threat.,http://www.wagner-garza.com/
406,25,Video,Gaming,2025-05-05,Something help body mention it ground organization agreement director them road inside manage produce among gas information.,https://savage-owens.info/
407,25,Reel,Food,2025-06-10,Book hotel deal win forget within might enough much.,http://davis-chang.net/
408,26,Image,Gaming,2025-03-23,Trial into central my they hear thus part modern number trial one sing.,https://www.garcia-johnson.com/
409,26,Image,Fitness,2025-11-08,Raise whole seat rather against consider at community measure wrong design available world suggest language full there.,https://buckley-weaver.com/
410,26,Video,Gaming,2025-07-04,Across month life ground effort society walk oil too near difficult.,https://www.smith.com/
411,26,Video,Gaming,2025-01-05,True write few hotel gun put show wrong.,https://parker.info/
412,27,Image,Beauty,2025-07-18,Research box able total suggest executive before.,http://www.thompson.com/
413,27,Video,Food,2025-11-09,Miss serve specific sort draw memory before hour west hundred maybe lay.,http://crawford-gonzalez.com/
414,27,Video,Gaming,2025-06-02,Thus beyond same discuss rock night power save quite themselves fall put official.,http://www.nichols.com/
415,27,Video,Fitness,2025-09-20,Might individual like loss develop score end protect effect rate write live compare her capital tonight.,https://phillips.com/
416,27,Image,Beauty,2025-09-27,Particular meet special mean force.,http://www.garcia.com/
417,27,Video,Fitness,2025-06-24,Side movie herself above in central when since.,http://flynn-mendez.com/
418,27,Story,Travel,2025-08-18,During program think show table.,http://www.fisher.com/
419,27,Story,Beauty,2025-05-12,Network front reduce cover fly above conference he writer.,https://hull.com/
420,27,Image,Travel,2025-04-22,Standard network particularly especially force real mother price listen including some they hit resource generation person.,https://www.galvan-osborne.net/
421,27,Video,Beauty,2025-10-11,Specific against rate let should.,http://www.lucas.net/
422,27,Video,Travel,2025-10-09,Boy develop wonder itself boy Republican wait either baby money response similar.,http://morgan.org/
423,27,Reel,Gaming,2025-10-14,Might decide talk drug feeling what.,https://www.mclean.net/
424,27,Video,Food,2025-06-13,Political interesting change suggest exactly price bad success commercial table out partner everybody first record not out off tax.,https://reid.org/
425,27,Video,Beauty,2025-06-13,Message out weight leader short stop usually bit help floor why system budget black.,http://griffin.biz/
426,27,Reel,Fitness,2025-02-16,Show over fast director best heart realize attention one create analysis glass season technology president.,https://mata-webb.com/
427,27,Image,Food,2025-01-20,Soon perhaps conference society air life.,https://www.dennis.net/
428,27,Image,Beauty,2025-07-05,Whatever machine each exactly only soon act smile race summer difficult PM look respond since begin though ok myself bad administration property.,https://www.villegas.info/
429,27,Video,Fitness,2025-09-01,Who operation ever let news down with the hotel people participant population everybody.,https://www.butler.info/
430,27,Reel,Beauty,2025-04-21,Watch hot again maybe us memory fall reduce south itself reach sure wrong wish image.,https://peterson.info/
431,27,Image,Tech,2025-06-16,Season billion late last easy strategy source cause itself specific mouth.,https://www.lewis.com/
432,28,Image,Travel,2025-08-02,For drop call half professional ability politics need interview far each country day trial.,http://www.davis.net/
433,28,Reel,Travel,2025-04-27,Week condition list big me development rock including animal add onto factor environmental forget three religious cold.,http://miranda.com/
434,28,Story,Travel,2025-06-11,Issue describe mean interview since just election attack activity response dark school discussion for deal very answer either bank low task.,http://robbins.com/
435,28,Image,Fitness,2025-02-18,Meeting real contain book whom none front memory letter station eight.,http://www.russell.com/
436,28,Image,Travel,2025-05-28,Lose ball nor hundred single truth letter lay capital others weight able much.,https://www.fitzgerald.com/
437,28,Story,Food,2025-05-16,Mention consider determine child.,https://bartlett-ward.com/
438,28,Story,Gaming,2025-05-01,Management young rock response energy color large father itself tend computer election actually street take process maintain turn idea not development feeling.,https://www.sexton.biz/
439,28,Image,Fitness,2025-07-29,Lawyer without different success baby approach drop.,https://www.hill-cole.org/
440,28,Video,Beauty,2025-08-26,Cup may when product herself movement particularly month society reveal seek.,http://freeman.org/
441,28,Image,Food,2025-10-29,Data article piece white school woman.,https://www.morton.net/
442,28,Video,Tech,2025-10-04,White party able easy upon car thought subject energy line.,http://www.sellers.org/
443,28,Video,Beauty,2025-11-14,Mission expect cut close trip indeed team can degree pretty model carry right pull change site explain.,https://andrews.com/
444,28,Video,Tech,2025-08-06,Change in question discover soldier after.,http://richardson.biz/
445,28,Reel,Food,2025-05-21,Visit account thus skin sense scientist dog model also party bar anyone begin capital condition difficult huge camera development ball notice of anyone.,http://hampton.com/
446,28,Reel,Fitness,2025-08-12,Goal team old suffer close.,https://www.stanley.com/
447,28,Reel,Food,2025-04-08,Smile point brother feel carry quality his accept professional adult.,http://holloway-bennett.com/
448,28,Reel,Fitness,2025-08-28,Within address red full pressure national finish live not family.,https://daugherty.org/
449,28,Reel,Travel,2025-05-11,Kind plant and serious whether direction.,https://www.clark-norris.org/
450,28,Image,Fitness,2025-08-20,Remain fear institution something with minute sign several school present bring player heart name cost whose like before bring visit trip respond her.,http://grant.biz/
451,28,Video,Gaming,2025-09-16,Radio establish change sit industry expect partner ahead seven phone amount American day year staff suddenly.,http://lyons-alvarez.info/
452,28,Video,Travel,2025-06-11,Song continue speak citizen draw example day.,https://jackson.com/
453,28,Reel,Tech,2025-03-15,Day past fish feeling trip green rate tree threat usually no religious spend investment quality.,http://www.bryan-smith.com/
454,28,Image,Travel,2025-10-20,Side color note ball cost.,https://www.cunningham.biz/
455,28,Video,Fitness,2025-06-01,Challenge two street skin child theory him.,http://www.potter-morrow.com/
456,28,Video,Beauty,2025-09-23,Out college health result rest total material money which toward rule perform even impact responsibility.,http://kerr-cox.com/
457,28,Video,Gaming,2025-07-08,Today force rise across small important across.,https://perez.com/
458,28,Video,Tech,2025-08-06,Value mention travel issue trip activity.,https://www.case.info/
459,28,Image,Tech,2025-05-28,For court young not first early the wide reality perform be consumer administration order marriage million.,https://johnson.com/
460,28,Image,Beauty,2025-05-21,Activity choose find develop single happy money argue growth.,https://johnson.com/
461,28,Image,Gaming,2025-04-16,Gun religious number pretty they word same.,http://grimes.com/
462,29,Image,Travel,2025-06-09,List somebody local rule scene agency college any.,http://www.smith.com/
463,29,Video,Food,2025-03-14,Keep truth risk add hotel professional probably free effort share machine hotel note eye.,https://johnson.com/
464,29,Image,Food,2025-01-17,Safe until usually debate culture look whole.,http://www.dickson-nash.net/
465,29,Image,Fitness,2025-01-15,Before plant why now ability ball artist.,https://www.casey.com/
466,29,Reel,Tech,2025-03-30,That upon serve someone certain cover side series suddenly late.,https://freeman-dougherty.net/
467,29,Video,Tech,2025-05-01,Hot music letter mind training it teach low close.,http://www.marshall.com/
468,29,Story,Food,2025-08-21,Trip blood land occur though make yet city old performance activity family.,https://welch.com/
469,29,Story,Travel,2025-10-16,Evening marriage interview huge thought about if prevent cultural rock national.,http://www.davis.biz/
470,29,Image,Gaming,2025-07-06,Four paper throw side least early difficult reduce.,http://austin.com/
471,29,Video,Gaming,2025-04-12,Test among today western.,https://mills.com/
472,29,Image,Beauty,2025-11-27,Party lawyer around include become brother.,http://thompson-trevino.com/
473,29,Image,Gaming,2025-11-08,Official wear make glass boy instead well.,https://www.bell-ward.info/
474,29,Reel,Food,2025-06-05,Miss he manager manager star raise easy from left heart finally world close tree peace high any only.,http://salazar.com/
475,29,Reel,Tech,2025-03-17,Away no least view generation rule movement accept security mouth never magazine relationship anything month catch.,https://avila.com/
476,29,Reel,Gaming,2025-07-19,Language member south energy feeling exist hot account camera.,https://daniel-rivera.com/
477,29,Image,Food,2025-07-07,Pass last study system support board.,http://curtis-vega.com/
478,29,Image,Food,2025-01-20,Dark adult not hour win writer.,https://www.taylor.net/
479,29,Video,Gaming,2025-11-26,West official reflect who somebody sense wear better.,https://www.mullen-wagner.com/
480,29,Reel,Gaming,2025-04-09,Unit message along I career add under common end.,http://arnold.org/
481,29,Image,Travel,2025-04-13,Learn walk modern before college light.,http://www.white.com/
482,29,Image,Food,2025-07-25,Head employee hold.,http://www.taylor.com/
483,29,Image,Food,2025-09-19,Toward respond arm keep contain unit level long tell usually.,https://vasquez-chung.org/
484,29,Video,Travel,2025-03-02,Entire clearly writer over word let resource certainly office follow American management moment clear.,http://hancock.info/
485,29,Reel,Food,2025-11-17,Continue society officer either close picture ready exist choice last state seven cover property environmental.,https://www.robinson.info/
486,30,Video,Gaming,2025-08-18,Like technology street material good style treat.,https://fox.com/
487,30,Reel,Tech,2025-08-17,For number question just not blood close trade bank director take music government degree month.,https://dickson-carpenter.com/
488,30,Image,Food,2025-02-16,Room capital the professor billion reduce job fine blue wait energy name no including stage likely study writer play.,http://www.boyd.biz/
489,30,Image,Beauty,2025-10-26,Live business account personal compare picture mother game.,http://nguyen-mcdaniel.net/
490,30,Reel,Fitness,2025-10-13,Friend deal politics wall course risk door some identify just because example.,https://williams-clark.biz/
491,30,Image,Gaming,2025-03-21,Business remain spend future cover claim we expert by American dog memory.,https://www.flores-tran.org/
492,30,Story,Gaming,2025-09-25,Page game customer free ground now leader set let amount sister.,https://gould.biz/
493,30,Story,Gaming,2025-11-06,Economic thank own task say party notice law picture.,https://www.contreras-robinson.com/
494,30,Image,Fitness,2025-08-07,Well hope scene doctor maintain role page consumer ten interesting too follow short action success talk stage shake hand.,https://davis-green.org/
495,30,Story,Gaming,2025-07-31,Message best benefit teacher listen picture PM close test manager wind young dog what say air explain might statement recently far establish.,http://hoffman.com/
496,30,Image,Fitness,2025-04-25,Bring according from woman each.,http://www.west.net/
497,30,Image,Gaming,2025-04-05,Become scene paper these do traditional fly happen quality edge gun each cause.,https://kirk.com/
498,30,Video,Gaming,2025-11-08,Beautiful part among instead little bit design option indicate interesting card through you catch draw body decision against defense describe window order consider current dark talk.,https://www.moore.com/
499,30,Image,Tech,2025-09-22,Defense process almost prevent kitchen because hand perform relate student raise floor attorney I.,http://strickland.info/
500,30,Video,Food,2025-03-20,Along various style state true.,https://perez.com/
501,30,Image,Beauty,2025-09-04,Maybe result marriage rate choice.,https://www.lewis.com/
502,30,Image,Beauty,2025-03-04,Five strategy after simple two difference particular.,https://flores.com/
503,30,Story,Beauty,2025-11-13,Product hour another near step or across book.,http://martin-duarte.info/
